"Timestamp";"CPU cores";"CPU capacity provisioned [MHZ]";"CPU usage [MHZ]";"CPU usage [%]";"Memory capacity provisioned [KB]";"Memory usage [KB]";"Memory usage [%]";"Disk read throughput [KB/s]";"Disk write throughput [KB/s]";"Disk size [GB]";"Network received throughput [KB/s]";"Network transmitted throughput [KB/s]"
"01.12.2015 17:40:00";"1";"0";"783";"32,66";"3145728";"2519413";"80,09";"2636";"274";"16";"0";"0"
"01.12.2015 17:45:00";"1";"0";"245";"10,24";"3145728";"2346398";"74,59";"1210";"29";"16";"0";"0"
"01.12.2015 17:50:00";"1";"0";"189";"7,89";"3145728";"981153";"31,19";"0";"17";"16";"0";"0"
"01.12.2015 17:55:00";"1";"0";"356";"14,88";"3145728";"496710";"15,79";"2866";"2788";"16";"0";"0"
"01.12.2015 18:00:00";"1";"0";"642";"26,78";"3145728";"1228407";"39,05";"1531";"249";"16";"0";"0"
"01.12.2015 18:05:00";"1";"0";"319";"13,32";"3145728";"2528851";"80,39";"1212";"37";"16";"0";"0"
"01.12.2015 18:10:00";"1";"0";"314";"13,12";"3145728";"1136237";"36,12";"155";"48";"16";"0";"0"
"01.12.2015 18:15:00";"1";"0";"319";"13,32";"3145728";"603665";"19,19";"173";"15";"16";"0";"0"
"01.12.2015 18:20:00";"1";"0";"231";"9,67";"3145728";"727292";"23,12";"2";"11";"16";"0";"1"
"01.12.2015 18:25:00";"1";"0";"184";"7,69";"3145728";"404226";"12,85";"0";"3";"16";"0";"0"
"01.12.2015 18:30:00";"1";"0";"185";"7,73";"3145728";"255433";"8,12";"0";"3";"16";"0";"0"
"01.12.2015 18:35:00";"1";"0";"190";"7,96";"3145728";"184025";"5,85";"44";"6";"16";"0";"0"
"01.12.2015 18:40:00";"1";"0";"208";"8,7";"3145728";"238761";"7,59";"20";"17";"16";"0";"0"
"01.12.2015 18:45:00";"1";"0";"372";"15,52";"3145728";"832045";"26,45";"1175";"563";"16";"0";"0"
"01.12.2015 18:50:00";"1";"0";"189";"7,91";"3145728";"865704";"27,52";"0";"4";"16";"0";"0"
"01.12.2015 18:55:00";"1";"0";"184";"7,72";"3145728";"349805";"11,12";"28";"8";"16";"0";"0"
"01.12.2015 19:00:00";"1";"0";"186";"7,79";"3145728";"265814";"8,45";"0";"3";"16";"0";"0"
"01.12.2015 19:05:00";"1";"0";"182";"7,6";"3145728";"257635";"8,19";"0";"4";"16";"0";"0"
"01.12.2015 19:10:00";"1";"0";"212";"8,88";"3145728";"263927";"8,39";"4";"7";"16";"0";"0"
"01.12.2015 19:15:00";"1";"0";"182";"7,59";"3145728";"330931";"10,52";"0";"4";"16";"0";"0"
"01.12.2015 19:20:00";"1";"0";"182";"7,64";"3145728";"226178";"7,19";"0";"3";"16";"0";"0"
"01.12.2015 19:25:00";"1";"0";"180";"7,52";"3145728";"249142";"7,92";"0";"3";"16";"0";"0"
"01.12.2015 19:30:00";"1";"0";"184";"7,68";"3145728";"230267";"7,32";"0";"3";"16";"0";"0"
"01.12.2015 19:35:00";"1";"0";"185";"7,75";"3145728";"245052";"7,79";"0";"5";"16";"0";"0"
"01.12.2015 19:40:00";"1";"0";"186";"7,78";"3145728";"234357";"7,45";"0";"4";"16";"0";"0"
"01.12.2015 19:45:00";"1";"0";"181";"7,57";"3145728";"324639";"10,32";"0";"3";"16";"0";"0"
"01.12.2015 19:50:00";"1";"0";"184";"7,71";"3145728";"236559";"7,52";"0";"4";"16";"0";"0"
"01.12.2015 19:55:00";"1";"0";"181";"7,57";"3145728";"257635";"8,19";"0";"4";"16";"0";"0"
"01.12.2015 20:00:00";"1";"0";"189";"7,93";"3145728";"245052";"7,79";"0";"3";"16";"0";"0"
"01.12.2015 20:05:00";"1";"0";"182";"7,61";"3145728";"207303";"6,59";"2";"5";"16";"0";"0"
"01.12.2015 20:10:00";"1";"0";"210";"8,79";"3145728";"295384";"9,39";"0";"5";"16";"0";"0"
"01.12.2015 20:15:00";"1";"0";"182";"7,64";"3145728";"276509";"8,79";"0";"4";"16";"0";"0"
"01.12.2015 20:20:00";"1";"0";"185";"7,75";"3145728";"202899";"6,45";"0";"3";"16";"0";"0"
"01.12.2015 20:25:00";"1";"0";"180";"7,53";"3145728";"213595";"6,79";"0";"3";"16";"0";"0"
"01.12.2015 20:30:00";"1";"0";"184";"7,68";"3145728";"215482";"6,85";"0";"3";"16";"0";"0"
"01.12.2015 20:35:00";"1";"0";"180";"7,53";"3145728";"276509";"8,79";"0";"3";"16";"0";"0"
"01.12.2015 20:40:00";"1";"0";"183";"7,66";"3145728";"179936";"5,72";"0";"4";"16";"0";"0"
"01.12.2015 20:45:00";"1";"0";"182";"7,61";"3145728";"246940";"7,85";"0";"3";"16";"0";"0"
"01.12.2015 20:50:00";"1";"0";"183";"7,64";"3145728";"209191";"6,65";"0";"3";"16";"0";"0"
"01.12.2015 20:55:00";"1";"0";"181";"7,57";"3145728";"228065";"7,25";"0";"3";"16";"0";"0"
"01.12.2015 21:00:00";"1";"0";"189";"7,92";"3145728";"242850";"7,72";"0";"4";"16";"0";"0"
"01.12.2015 21:05:00";"1";"0";"180";"7,54";"3145728";"230267";"7,32";"0";"4";"16";"0";"0"
"01.12.2015 21:10:00";"1";"0";"181";"7,57";"3145728";"245052";"7,79";"0";"3";"16";"0";"0"
"01.12.2015 21:15:00";"1";"0";"186";"7,78";"3145728";"205101";"6,52";"0";"5";"16";"0";"0"
"01.12.2015 21:20:00";"1";"0";"185";"7,73";"3145728";"221774";"7,05";"0";"4";"16";"0";"0"
"01.12.2015 21:25:00";"1";"0";"181";"7,58";"3145728";"232469";"7,39";"0";"3";"16";"0";"0"
"01.12.2015 21:30:00";"1";"0";"183";"7,66";"3145728";"232469";"7,39";"0";"4";"16";"0";"0"
"01.12.2015 21:35:00";"1";"0";"181";"7,57";"3145728";"207303";"6,59";"0";"3";"16";"0";"0"
"01.12.2015 21:40:00";"1";"0";"181";"7,57";"3145728";"253231";"8,05";"0";"4";"16";"0";"0"
"01.12.2015 21:45:00";"1";"0";"184";"7,68";"3145728";"297271";"9,45";"0";"4";"16";"0";"0"
"01.12.2015 21:50:00";"1";"0";"181";"7,59";"3145728";"192519";"6,12";"0";"4";"16";"0";"0"
"01.12.2015 21:55:00";"1";"0";"179";"7,5";"3145728";"184025";"5,85";"0";"4";"16";"0";"0"
"01.12.2015 22:00:00";"1";"0";"186";"7,78";"3145728";"201012";"6,39";"1";"4";"16";"0";"0"
"01.12.2015 22:05:00";"1";"0";"182";"7,61";"3145728";"261725";"8,32";"0";"4";"16";"0";"0"
"01.12.2015 22:10:00";"1";"0";"184";"7,68";"3145728";"213595";"6,79";"0";"4";"16";"0";"0"
"01.12.2015 22:15:00";"1";"0";"182";"7,61";"3145728";"215482";"6,85";"0";"4";"16";"0";"0"
"01.12.2015 22:20:00";"1";"0";"183";"7,65";"3145728";"201012";"6,39";"0";"3";"16";"0";"0"
"01.12.2015 22:25:00";"1";"0";"183";"7,67";"3145728";"228065";"7,25";"0";"3";"16";"0";"0"
"01.12.2015 22:30:00";"1";"0";"183";"7,66";"3145728";"221774";"7,05";"0";"3";"16";"0";"0"
"01.12.2015 22:35:00";"1";"0";"180";"7,55";"3145728";"211393";"6,72";"0";"3";"16";"0";"0"
"01.12.2015 22:40:00";"1";"0";"183";"7,65";"3145728";"242850";"7,72";"0";"3";"16";"0";"0"
"01.12.2015 22:45:00";"1";"0";"181";"7,56";"3145728";"265814";"8,45";"0";"3";"16";"0";"0"
"01.12.2015 22:50:00";"1";"0";"182";"7,63";"3145728";"246940";"7,85";"0";"3";"16";"0";"0"
"01.12.2015 22:55:00";"1";"0";"181";"7,57";"3145728";"276509";"8,79";"0";"4";"16";"0";"0"
"01.12.2015 23:00:00";"1";"0";"186";"7,79";"3145728";"255433";"8,12";"0";"4";"16";"0";"0"
"01.12.2015 23:05:00";"1";"0";"185";"7,73";"3145728";"276509";"8,79";"0";"7";"16";"0";"0"
"01.12.2015 23:10:00";"1";"0";"184";"7,68";"3145728";"249142";"7,92";"0";"3";"16";"0";"0"
"01.12.2015 23:15:00";"1";"0";"180";"7,56";"3145728";"215482";"6,85";"0";"4";"16";"0";"0"
"01.12.2015 23:20:00";"1";"0";"182";"7,61";"3145728";"246940";"7,85";"0";"4";"16";"0";"0"
"01.12.2015 23:25:00";"1";"0";"181";"7,56";"3145728";"221774";"7,05";"0";"3";"16";"0";"0"
"01.12.2015 23:30:00";"1";"0";"183";"7,65";"3145728";"276509";"8,79";"0";"4";"16";"0";"0"
"01.12.2015 23:35:00";"1";"0";"181";"7,55";"3145728";"219886";"6,99";"0";"4";"16";"0";"0"
"01.12.2015 23:40:00";"1";"0";"183";"7,68";"3145728";"211393";"6,72";"0";"3";"16";"0";"0"
"01.12.2015 23:45:00";"1";"0";"182";"7,64";"3145728";"257635";"8,19";"0";"3";"16";"0";"0"
"01.12.2015 23:50:00";"1";"0";"183";"7,64";"3145728";"173644";"5,52";"0";"3";"16";"0";"0"
"01.12.2015 23:55:00";"1";"0";"180";"7,55";"3145728";"223976";"7,12";"0";"4";"16";"0";"0"
"02.12.2015 00:00:00";"1";"0";"185";"7,73";"3145728";"213595";"6,79";"0";"3";"16";"0";"0"
"02.12.2015 00:05:00";"1";"0";"183";"7,66";"3145728";"251344";"7,99";"0";"5";"16";"0";"0"
"02.12.2015 00:10:00";"1";"0";"184";"7,72";"3145728";"286890";"9,12";"0";"3";"16";"0";"0"
"02.12.2015 00:15:00";"1";"0";"181";"7,58";"3145728";"232469";"7,39";"0";"4";"16";"0";"0"
"02.12.2015 00:20:00";"1";"0";"184";"7,69";"3145728";"246940";"7,85";"0";"3";"16";"0";"0"
"02.12.2015 00:25:00";"1";"0";"181";"7,59";"3145728";"232469";"7,39";"0";"3";"16";"0";"0"
"02.12.2015 00:30:00";"1";"0";"184";"7,69";"3145728";"240648";"7,65";"0";"4";"16";"0";"0"
"02.12.2015 00:35:00";"1";"0";"181";"7,59";"3145728";"236559";"7,52";"0";"3";"16";"0";"0"
"02.12.2015 00:40:00";"1";"0";"182";"7,62";"3145728";"175846";"5,59";"0";"3";"16";"0";"0"
"02.12.2015 00:45:00";"1";"0";"181";"7,6";"3145728";"211393";"6,72";"0";"3";"16";"0";"0"
"02.12.2015 00:50:00";"1";"0";"181";"7,59";"3145728";"219886";"6,99";"0";"3";"16";"0";"0"
"02.12.2015 00:55:00";"1";"0";"180";"7,53";"3145728";"228065";"7,25";"0";"4";"16";"0";"0"
"02.12.2015 01:00:00";"1";"0";"185";"7,74";"3145728";"238761";"7,59";"0";"4";"16";"0";"0"
"02.12.2015 01:05:00";"1";"0";"189";"7,9";"3145728";"345716";"10,99";"4";"14";"16";"0";"0"
"02.12.2015 01:10:00";"1";"0";"182";"7,63";"3145728";"255433";"8,12";"0";"4";"16";"0";"0"
"02.12.2015 01:15:00";"1";"0";"180";"7,52";"3145728";"251344";"7,99";"0";"3";"16";"0";"0"
"02.12.2015 01:20:00";"1";"0";"181";"7,57";"3145728";"211393";"6,72";"0";"3";"16";"0";"0"
"02.12.2015 01:25:00";"1";"0";"181";"7,57";"3145728";"184025";"5,85";"0";"4";"16";"0";"0"
"02.12.2015 01:30:00";"1";"0";"185";"7,72";"3145728";"249142";"7,92";"0";"3";"16";"0";"0"
"02.12.2015 01:35:00";"1";"0";"459";"19,14";"3145728";"698037";"22,19";"524";"49";"16";"0";"0"
"02.12.2015 01:40:00";"1";"0";"182";"7,62";"3145728";"481926";"15,32";"10";"30";"16";"0";"0"
"02.12.2015 01:45:00";"1";"0";"180";"7,53";"3145728";"238761";"7,59";"0";"4";"16";"0";"0"
"02.12.2015 01:50:00";"1";"0";"182";"7,6";"3145728";"259523";"8,25";"0";"3";"16";"0";"0"
"02.12.2015 01:55:00";"1";"0";"181";"7,57";"3145728";"297271";"9,45";"0";"3";"16";"0";"0"
"02.12.2015 02:00:00";"1";"0";"186";"7,79";"3145728";"293182";"9,32";"1";"5";"16";"0";"0"
"02.12.2015 02:05:00";"1";"0";"186";"7,78";"3145728";"307967";"9,79";"0";"5";"16";"0";"0"
"02.12.2015 02:10:00";"1";"0";"182";"7,64";"3145728";"263927";"8,39";"0";"3";"16";"0";"0"
"02.12.2015 02:15:00";"1";"0";"178";"7,45";"3145728";"234357";"7,45";"0";"4";"16";"0";"0"
"02.12.2015 02:20:00";"1";"0";"184";"7,72";"3145728";"251344";"7,99";"0";"3";"16";"0";"0"
"02.12.2015 02:25:00";"1";"0";"181";"7,56";"3145728";"289092";"9,19";"0";"3";"16";"0";"0"
"02.12.2015 02:30:00";"1";"0";"183";"7,66";"3145728";"293182";"9,32";"0";"4";"16";"0";"0"
"02.12.2015 02:35:00";"1";"0";"180";"7,53";"3145728";"345716";"10,99";"0";"3";"16";"0";"0"
"02.12.2015 02:40:00";"1";"0";"180";"7,56";"3145728";"263927";"8,39";"0";"3";"16";"0";"0"
"02.12.2015 02:45:00";"1";"0";"179";"7,47";"3145728";"221774";"7,05";"0";"3";"16";"0";"0"
"02.12.2015 02:50:00";"1";"0";"181";"7,6";"3145728";"213595";"6,79";"0";"4";"16";"0";"0"
"02.12.2015 02:55:00";"1";"0";"179";"7,51";"3145728";"219886";"6,99";"0";"4";"16";"0";"0"
"02.12.2015 03:00:00";"1";"0";"185";"7,72";"3145728";"238761";"7,59";"0";"4";"16";"0";"0"
"02.12.2015 03:05:00";"1";"0";"180";"7,53";"3145728";"307967";"9,79";"0";"3";"16";"0";"0"
"02.12.2015 03:10:00";"1";"0";"188";"7,85";"3145728";"265814";"8,45";"0";"4";"16";"0";"0"
"02.12.2015 03:15:00";"1";"0";"182";"7,6";"3145728";"307967";"9,79";"0";"4";"16";"0";"0"
"02.12.2015 03:20:00";"1";"0";"188";"7,85";"3145728";"230267";"7,32";"3";"8";"16";"0";"0"
"02.12.2015 03:25:00";"1";"0";"680";"28,38";"3145728";"389756";"12,39";"5178";"8295";"16";"0";"0"
"02.12.2015 03:30:00";"1";"0";"396";"16,54";"3145728";"937112";"29,79";"7925";"8056";"16";"0";"0"
"02.12.2015 03:35:00";"1";"0";"182";"7,6";"3145728";"450468";"14,32";"0";"4";"16";"0";"0"
"02.12.2015 03:40:00";"1";"0";"183";"7,65";"3145728";"265814";"8,45";"0";"3";"16";"0";"0"
"02.12.2015 03:45:00";"1";"0";"180";"7,54";"3145728";"278397";"8,85";"0";"3";"16";"0";"0"
"02.12.2015 03:50:00";"1";"0";"183";"7,65";"3145728";"251344";"7,99";"0";"2";"16";"0";"0"
"02.12.2015 03:55:00";"1";"0";"184";"7,71";"3145728";"242850";"7,72";"0";"3";"16";"0";"0"
"02.12.2015 04:00:00";"1";"0";"186";"7,8";"3145728";"238761";"7,59";"0";"3";"16";"0";"0"
"02.12.2015 04:05:00";"1";"0";"181";"7,56";"3145728";"236559";"7,52";"0";"3";"16";"0";"0"
"02.12.2015 04:10:00";"1";"0";"185";"7,76";"3145728";"246940";"7,85";"0";"2";"16";"0";"0"
"02.12.2015 04:15:00";"1";"0";"185";"7,72";"3145728";"272105";"8,65";"0";"4";"16";"0";"0"
"02.12.2015 04:20:00";"1";"0";"183";"7,66";"3145728";"301675";"9,59";"0";"4";"16";"0";"0"
"02.12.2015 04:25:00";"1";"0";"181";"7,58";"3145728";"276509";"8,79";"0";"4";"16";"0";"0"
"02.12.2015 04:30:00";"1";"0";"187";"7,83";"3145728";"207303";"6,59";"0";"3";"16";"0";"0"
"02.12.2015 04:35:00";"1";"0";"181";"7,57";"3145728";"234357";"7,45";"0";"3";"16";"0";"0"
"02.12.2015 04:40:00";"1";"0";"185";"7,75";"3145728";"221774";"7,05";"0";"3";"16";"0";"0"
"02.12.2015 04:45:00";"1";"0";"180";"7,55";"3145728";"232469";"7,39";"0";"3";"16";"0";"0"
"02.12.2015 04:50:00";"1";"0";"182";"7,62";"3145728";"245052";"7,79";"0";"3";"16";"0";"0"
"02.12.2015 04:55:00";"1";"0";"185";"7,72";"3145728";"301675";"9,59";"0";"5";"16";"0";"0"
"02.12.2015 05:00:00";"1";"0";"185";"7,73";"3145728";"282801";"8,99";"0";"3";"16";"0";"0"
"02.12.2015 05:05:00";"1";"0";"205";"8,58";"3145728";"307967";"9,79";"48";"33";"16";"0";"0"
"02.12.2015 05:10:00";"1";"0";"184";"7,69";"3145728";"213595";"6,79";"0";"2";"16";"0";"0"
"02.12.2015 05:15:00";"1";"0";"182";"7,63";"3145728";"223976";"7,12";"0";"3";"16";"0";"0"
"02.12.2015 05:20:00";"1";"0";"181";"7,55";"3145728";"245052";"7,79";"0";"3";"16";"0";"0"
"02.12.2015 05:25:00";"1";"0";"181";"7,57";"3145728";"236559";"7,52";"0";"2";"16";"0";"0"
"02.12.2015 05:30:00";"1";"0";"186";"7,77";"3145728";"223976";"7,12";"0";"3";"16";"0";"0"
"02.12.2015 05:35:00";"1";"0";"181";"7,56";"3145728";"215482";"6,85";"0";"3";"16";"0";"0"
"02.12.2015 05:40:00";"1";"0";"183";"7,64";"3145728";"198810";"6,32";"0";"3";"16";"0";"0"
"02.12.2015 05:45:00";"1";"0";"181";"7,57";"3145728";"274307";"8,72";"0";"2";"16";"0";"0"
"02.12.2015 05:50:00";"1";"0";"187";"7,83";"3145728";"194721";"6,19";"0";"3";"16";"0";"0"
"02.12.2015 05:55:00";"1";"0";"180";"7,55";"3145728";"240648";"7,65";"0";"3";"16";"0";"0"
"02.12.2015 06:00:00";"1";"0";"184";"7,7";"3145728";"232469";"7,39";"0";"3";"16";"0";"0"
"02.12.2015 06:05:00";"1";"0";"186";"7,8";"3145728";"265814";"8,45";"0";"4";"16";"0";"0"
"02.12.2015 06:10:00";"1";"0";"186";"7,8";"3145728";"257635";"8,19";"0";"3";"16";"0";"0"
"02.12.2015 06:15:00";"1";"0";"183";"7,66";"3145728";"246940";"7,85";"0";"4";"16";"0";"0"
"02.12.2015 06:20:00";"1";"0";"181";"7,57";"3145728";"245052";"7,79";"0";"3";"16";"0";"0"
"02.12.2015 06:25:00";"1";"0";"183";"7,66";"3145728";"257635";"8,19";"0";"3";"16";"0";"0"
"02.12.2015 06:30:00";"1";"0";"182";"7,61";"3145728";"255433";"8,12";"0";"3";"16";"0";"0"
"02.12.2015 06:35:00";"1";"0";"185";"7,72";"3145728";"238761";"7,59";"0";"13";"16";"0";"0"
"02.12.2015 06:40:00";"1";"0";"182";"7,61";"3145728";"240648";"7,65";"0";"3";"16";"0";"0"
"02.12.2015 06:45:00";"1";"0";"181";"7,57";"3145728";"213595";"6,79";"0";"3";"16";"0";"0"
"02.12.2015 06:50:00";"1";"0";"181";"7,58";"3145728";"190317";"6,05";"0";"3";"16";"0";"0"
"02.12.2015 06:55:00";"1";"0";"183";"7,65";"3145728";"201012";"6,39";"0";"3";"16";"0";"0"
"02.12.2015 07:00:00";"1";"0";"180";"7,52";"3145728";"182138";"5,79";"0";"3";"16";"0";"0"
"02.12.2015 07:05:00";"1";"0";"183";"7,64";"3145728";"238761";"7,59";"0";"3";"16";"0";"0"
"02.12.2015 07:10:00";"1";"0";"180";"7,53";"3145728";"249142";"7,92";"0";"3";"16";"0";"0"
"02.12.2015 07:15:00";"1";"0";"183";"7,67";"3145728";"257635";"8,19";"0";"4";"16";"0";"0"
"02.12.2015 07:20:00";"1";"0";"181";"7,56";"3145728";"263927";"8,39";"0";"3";"16";"0";"0"
"02.12.2015 07:25:00";"1";"0";"181";"7,57";"3145728";"240648";"7,65";"0";"3";"16";"0";"0"
"02.12.2015 07:30:00";"1";"0";"183";"7,67";"3145728";"293182";"9,32";"0";"3";"16";"0";"0"
"02.12.2015 07:35:00";"1";"0";"181";"7,59";"3145728";"217684";"6,92";"0";"3";"16";"0";"0"
"02.12.2015 07:40:00";"1";"0";"181";"7,56";"3145728";"213595";"6,79";"0";"3";"16";"0";"0"
"02.12.2015 07:45:00";"1";"0";"184";"7,68";"3145728";"238761";"7,59";"0";"3";"16";"0";"0"
"02.12.2015 07:50:00";"1";"0";"180";"7,55";"3145728";"257635";"8,19";"0";"3";"16";"0";"0"
"02.12.2015 07:55:00";"1";"0";"184";"7,69";"3145728";"236559";"7,52";"0";"3";"16";"0";"0"
"02.12.2015 08:00:00";"1";"0";"184";"7,68";"3145728";"202899";"6,45";"0";"3";"16";"0";"0"
"02.12.2015 08:05:00";"1";"0";"187";"7,82";"3145728";"282801";"8,99";"0";"3";"16";"0";"0"
"02.12.2015 08:10:00";"1";"0";"181";"7,59";"3145728";"257635";"8,19";"0";"2";"16";"0";"0"
"02.12.2015 08:15:00";"1";"0";"186";"7,77";"3145728";"259523";"8,25";"0";"4";"16";"0";"0"
"02.12.2015 08:20:00";"1";"0";"179";"7,51";"3145728";"230267";"7,32";"0";"3";"16";"0";"0"
"02.12.2015 08:25:00";"1";"0";"182";"7,61";"3145728";"238761";"7,59";"0";"2";"16";"0";"0"
"02.12.2015 08:30:00";"1";"0";"182";"7,63";"3145728";"201012";"6,39";"0";"3";"16";"0";"0"
"02.12.2015 08:35:00";"1";"0";"183";"7,68";"3145728";"217684";"6,92";"0";"2";"16";"0";"0"
"02.12.2015 08:40:00";"1";"0";"181";"7,58";"3145728";"228065";"7,25";"0";"3";"16";"0";"0"
"02.12.2015 08:45:00";"1";"0";"185";"7,74";"3145728";"251344";"7,99";"0";"2";"16";"0";"0"
"02.12.2015 08:50:00";"1";"0";"180";"7,52";"3145728";"303563";"9,65";"0";"2";"16";"0";"0"
"02.12.2015 08:55:00";"1";"0";"182";"7,62";"3145728";"236559";"7,52";"0";"3";"16";"0";"0"
"02.12.2015 09:00:00";"1";"0";"186";"7,77";"3145728";"207303";"6,59";"0";"3";"16";"0";"0"
"02.12.2015 09:05:00";"1";"0";"183";"7,66";"3145728";"263927";"8,39";"0";"3";"16";"0";"0"
"02.12.2015 09:10:00";"1";"0";"182";"7,62";"3145728";"293182";"9,32";"0";"3";"16";"0";"0"
"02.12.2015 09:15:00";"1";"0";"183";"7,64";"3145728";"345716";"10,99";"0";"4";"16";"0";"0"
"02.12.2015 09:20:00";"1";"0";"181";"7,58";"3145728";"263927";"8,39";"0";"3";"16";"0";"0"
"02.12.2015 09:25:00";"1";"0";"186";"7,76";"3145728";"282801";"8,99";"0";"4";"16";"0";"0"
"02.12.2015 09:30:00";"1";"0";"182";"7,59";"3145728";"284688";"9,05";"0";"3";"16";"0";"0"
"02.12.2015 09:35:00";"1";"0";"185";"7,72";"3145728";"263927";"8,39";"0";"3";"16";"0";"0"
"02.12.2015 09:40:00";"1";"0";"181";"7,58";"3145728";"202899";"6,45";"0";"3";"16";"0";"0"
"02.12.2015 09:45:00";"1";"0";"181";"7,6";"3145728";"263927";"8,39";"0";"2";"16";"0";"0"
"02.12.2015 09:50:00";"1";"0";"181";"7,57";"3145728";"268016";"8,52";"0";"2";"16";"0";"0"
"02.12.2015 09:55:00";"1";"0";"186";"7,78";"3145728";"280599";"8,92";"0";"3";"16";"0";"0"
"02.12.2015 10:00:00";"1";"0";"184";"7,71";"3145728";"295384";"9,39";"0";"3";"16";"0";"0"
"02.12.2015 10:05:00";"1";"0";"188";"7,85";"3145728";"238761";"7,59";"1";"3";"16";"0";"0"
"02.12.2015 10:10:00";"1";"0";"180";"7,51";"3145728";"228065";"7,25";"0";"2";"16";"0";"0"
"02.12.2015 10:15:00";"1";"0";"184";"7,7";"3145728";"236559";"7,52";"0";"4";"16";"0";"0"
"02.12.2015 10:20:00";"1";"0";"182";"7,6";"3145728";"232469";"7,39";"0";"2";"16";"0";"0"
"02.12.2015 10:25:00";"1";"0";"182";"7,62";"3145728";"272105";"8,65";"0";"2";"16";"0";"0"
"02.12.2015 10:30:00";"1";"0";"183";"7,64";"3145728";"240648";"7,65";"0";"3";"16";"0";"0"
"02.12.2015 10:35:00";"1";"0";"183";"7,66";"3145728";"305765";"9,72";"0";"3";"16";"0";"0"
"02.12.2015 10:40:00";"1";"0";"182";"7,61";"3145728";"242850";"7,72";"0";"3";"16";"0";"0"
"02.12.2015 10:45:00";"1";"0";"184";"7,71";"3145728";"270218";"8,59";"0";"3";"16";"0";"0"
"02.12.2015 10:50:00";"1";"0";"183";"7,64";"3145728";"274307";"8,72";"0";"3";"16";"0";"0"
"02.12.2015 10:55:00";"1";"0";"184";"7,7";"3145728";"290980";"9,25";"0";"3";"16";"0";"0"
"02.12.2015 11:00:00";"1";"0";"185";"7,74";"3145728";"276509";"8,79";"0";"2";"16";"0";"0"
"02.12.2015 11:05:00";"1";"0";"187";"7,83";"3145728";"295384";"9,39";"3";"3";"16";"0";"0"
"02.12.2015 11:10:00";"1";"0";"182";"7,63";"3145728";"245052";"7,79";"0";"4";"16";"0";"0"
"02.12.2015 11:15:00";"1";"0";"183";"7,64";"3145728";"268016";"8,52";"0";"3";"16";"0";"0"
"02.12.2015 11:20:00";"1";"0";"181";"7,55";"3145728";"215482";"6,85";"0";"2";"16";"0";"0"
"02.12.2015 11:25:00";"1";"0";"182";"7,62";"3145728";"259523";"8,25";"0";"3";"16";"0";"0"
"02.12.2015 11:30:00";"1";"0";"182";"7,61";"3145728";"240648";"7,65";"0";"3";"16";"0";"0"
"02.12.2015 11:35:00";"1";"0";"183";"7,67";"3145728";"270218";"8,59";"0";"3";"16";"0";"0"
"02.12.2015 11:40:00";"1";"0";"182";"7,62";"3145728";"207303";"6,59";"0";"3";"16";"0";"0"
"02.12.2015 11:45:00";"1";"0";"183";"7,66";"3145728";"297271";"9,45";"0";"3";"16";"0";"0"
"02.12.2015 11:50:00";"1";"0";"182";"7,6";"3145728";"261725";"8,32";"0";"2";"16";"0";"0"
"02.12.2015 11:55:00";"1";"0";"183";"7,67";"3145728";"303563";"9,65";"0";"3";"16";"0";"0"
"02.12.2015 12:00:00";"1";"0";"184";"7,7";"3145728";"253231";"8,05";"0";"3";"16";"0";"0"
"02.12.2015 12:05:00";"1";"0";"187";"7,83";"3145728";"251344";"7,99";"0";"4";"16";"0";"0"
"02.12.2015 12:10:00";"1";"0";"182";"7,63";"3145728";"201012";"6,39";"0";"3";"16";"0";"0"
"02.12.2015 12:15:00";"1";"0";"184";"7,7";"3145728";"245052";"7,79";"0";"3";"16";"0";"0"
"02.12.2015 12:20:00";"1";"0";"182";"7,6";"3145728";"215482";"6,85";"0";"2";"16";"0";"0"
"02.12.2015 12:25:00";"1";"0";"182";"7,63";"3145728";"240648";"7,65";"0";"2";"16";"0";"0"
"02.12.2015 12:30:00";"1";"0";"183";"7,64";"3145728";"270218";"8,59";"0";"3";"16";"0";"0"
"02.12.2015 12:35:00";"1";"0";"181";"7,58";"3145728";"270218";"8,59";"0";"3";"16";"0";"0"
"02.12.2015 12:40:00";"1";"0";"180";"7,55";"3145728";"198810";"6,32";"0";"3";"16";"0";"0"
"02.12.2015 12:45:00";"1";"0";"190";"7,94";"3145728";"270218";"8,59";"0";"2";"16";"0";"0"
"02.12.2015 12:50:00";"1";"0";"182";"7,63";"3145728";"251344";"7,99";"0";"3";"16";"0";"0"
"02.12.2015 12:55:00";"1";"0";"185";"7,73";"3145728";"232469";"7,39";"0";"3";"16";"0";"0"
"02.12.2015 13:00:00";"1";"0";"183";"7,67";"3145728";"249142";"7,92";"0";"3";"16";"0";"0"
"02.12.2015 13:05:00";"1";"0";"188";"7,88";"3145728";"276509";"8,79";"0";"4";"16";"0";"0"
"02.12.2015 13:10:00";"1";"0";"184";"7,69";"3145728";"255433";"8,12";"0";"3";"16";"0";"0"
"02.12.2015 13:15:00";"1";"0";"184";"7,69";"3145728";"211393";"6,72";"0";"3";"16";"0";"0"
"02.12.2015 13:20:00";"1";"0";"181";"7,56";"3145728";"246940";"7,85";"0";"3";"16";"0";"0"
"02.12.2015 13:25:00";"1";"0";"183";"7,65";"3145728";"249142";"7,92";"0";"2";"16";"0";"0"
"02.12.2015 13:30:00";"1";"0";"184";"7,71";"3145728";"242850";"7,72";"0";"3";"16";"0";"0"
"02.12.2015 13:35:00";"1";"0";"183";"7,65";"3145728";"192519";"6,12";"0";"3";"16";"0";"0"
"02.12.2015 13:40:00";"1";"0";"180";"7,54";"3145728";"196608";"6,25";"0";"3";"16";"0";"0"
"02.12.2015 13:45:00";"1";"0";"185";"7,72";"3145728";"251344";"7,99";"0";"2";"16";"0";"0"
"02.12.2015 13:50:00";"1";"0";"183";"7,66";"3145728";"274307";"8,72";"0";"2";"16";"0";"0"
"02.12.2015 13:55:00";"1";"0";"184";"7,7";"3145728";"259523";"8,25";"0";"3";"16";"0";"0"
"02.12.2015 14:00:00";"1";"0";"188";"7,87";"3145728";"246940";"7,85";"0";"3";"16";"0";"0"
"02.12.2015 14:05:00";"1";"0";"185";"7,74";"3145728";"345716";"10,99";"0";"3";"16";"0";"0"
"02.12.2015 14:10:00";"1";"0";"185";"7,77";"3145728";"349805";"11,12";"0";"3";"16";"0";"0"
"02.12.2015 14:15:00";"1";"0";"184";"7,7";"3145728";"330931";"10,52";"0";"3";"16";"0";"0"
"02.12.2015 14:20:00";"1";"0";"181";"7,56";"3145728";"234357";"7,45";"0";"2";"16";"0";"0"
"02.12.2015 14:25:00";"1";"0";"182";"7,62";"3145728";"236559";"7,52";"0";"3";"16";"0";"0"
"02.12.2015 14:30:00";"1";"0";"180";"7,55";"3145728";"261725";"8,32";"0";"3";"16";"0";"0"
"02.12.2015 14:35:00";"1";"0";"183";"7,67";"3145728";"284688";"9,05";"0";"3";"16";"0";"0"
"02.12.2015 14:40:00";"1";"0";"179";"7,5";"3145728";"242850";"7,72";"0";"3";"16";"0";"0"
"02.12.2015 14:45:00";"1";"0";"182";"7,61";"3145728";"234357";"7,45";"0";"3";"16";"0";"0"
"02.12.2015 14:50:00";"1";"0";"179";"7,5";"3145728";"205101";"6,52";"0";"3";"16";"0";"0"
"02.12.2015 14:55:00";"1";"0";"183";"7,65";"3145728";"230267";"7,32";"0";"3";"16";"0";"0"
"02.12.2015 15:00:00";"1";"0";"182";"7,62";"3145728";"211393";"6,72";"0";"3";"16";"0";"0"
"02.12.2015 15:05:00";"1";"0";"183";"7,66";"3145728";"293182";"9,32";"0";"3";"16";"0";"0"
"02.12.2015 15:10:00";"1";"0";"185";"7,76";"3145728";"270218";"8,59";"0";"5";"16";"0";"0"
"02.12.2015 15:15:00";"1";"0";"183";"7,65";"3145728";"282801";"8,99";"0";"4";"16";"0";"0"
"02.12.2015 15:20:00";"1";"0";"181";"7,58";"3145728";"226178";"7,19";"0";"3";"16";"0";"0"
"02.12.2015 15:25:00";"1";"0";"184";"7,67";"3145728";"232469";"7,39";"0";"3";"16";"0";"0"
"02.12.2015 15:30:00";"1";"0";"182";"7,6";"3145728";"257635";"8,19";"0";"2";"16";"0";"0"
"02.12.2015 15:35:00";"1";"0";"182";"7,63";"3145728";"270218";"8,59";"0";"3";"16";"0";"0"
"02.12.2015 15:40:00";"1";"0";"182";"7,62";"3145728";"230267";"7,32";"0";"3";"16";"0";"0"
"02.12.2015 15:45:00";"1";"0";"183";"7,67";"3145728";"228065";"7,25";"0";"2";"16";"0";"0"
"02.12.2015 15:50:00";"1";"0";"182";"7,62";"3145728";"144389";"4,59";"0";"2";"16";"0";"0"
"02.12.2015 15:55:00";"1";"0";"185";"7,75";"3145728";"213595";"6,79";"0";"2";"16";"0";"0"
"02.12.2015 16:00:00";"1";"0";"181";"7,58";"3145728";"242850";"7,72";"0";"3";"16";"0";"0"
"02.12.2015 16:05:00";"1";"0";"183";"7,68";"3145728";"352007";"11,19";"0";"3";"16";"0";"0"
"02.12.2015 16:10:00";"1";"0";"184";"7,72";"3145728";"219886";"6,99";"0";"3";"16";"0";"0"
"02.12.2015 16:15:00";"1";"0";"183";"7,65";"3145728";"282801";"8,99";"0";"3";"16";"0";"0"
"02.12.2015 16:20:00";"1";"0";"182";"7,6";"3145728";"232469";"7,39";"0";"3";"16";"0";"0"
"02.12.2015 16:25:00";"1";"0";"182";"7,6";"3145728";"238761";"7,59";"0";"3";"16";"0";"0"
"02.12.2015 16:30:00";"1";"0";"181";"7,57";"3145728";"282801";"8,99";"0";"3";"16";"0";"0"
"02.12.2015 16:35:00";"1";"0";"183";"7,65";"3145728";"238761";"7,59";"0";"3";"16";"0";"0"
"02.12.2015 16:40:00";"1";"0";"181";"7,57";"3145728";"234357";"7,45";"0";"3";"16";"0";"0"
"02.12.2015 16:45:00";"1";"0";"182";"7,6";"3145728";"263927";"8,39";"0";"3";"16";"0";"0"
"02.12.2015 16:50:00";"1";"0";"182";"7,62";"3145728";"299473";"9,52";"0";"3";"16";"0";"0"
"02.12.2015 16:55:00";"1";"0";"183";"7,65";"3145728";"286890";"9,12";"0";"3";"16";"0";"0"
"02.12.2015 17:00:00";"1";"0";"181";"7,56";"3145728";"232469";"7,39";"0";"2";"16";"0";"0"
"02.12.2015 17:05:00";"1";"0";"185";"7,73";"3145728";"290980";"9,25";"0";"2";"16";"0";"0"
"02.12.2015 17:10:00";"1";"0";"185";"7,74";"3145728";"259523";"8,25";"0";"4";"16";"0";"0"
"02.12.2015 17:15:00";"1";"0";"183";"7,66";"3145728";"261725";"8,32";"0";"3";"16";"0";"0"
"02.12.2015 17:20:00";"1";"0";"182";"7,6";"3145728";"238761";"7,59";"0";"2";"16";"0";"0"
"02.12.2015 17:25:00";"1";"0";"182";"7,59";"3145728";"236559";"7,52";"0";"2";"16";"0";"0"
"02.12.2015 17:30:00";"1";"0";"182";"7,61";"3145728";"276509";"8,79";"0";"3";"16";"0";"0"
"02.12.2015 17:35:00";"1";"0";"182";"7,62";"3145728";"223976";"7,12";"0";"3";"16";"0";"0"
"02.12.2015 17:40:00";"1";"0";"180";"7,52";"3145728";"249142";"7,92";"0";"3";"16";"0";"0"
"02.12.2015 17:45:00";"1";"0";"183";"7,64";"3145728";"196608";"6,25";"0";"3";"16";"0";"0"
"02.12.2015 17:50:00";"1";"0";"182";"7,61";"3145728";"232469";"7,39";"0";"2";"16";"0";"0"
"02.12.2015 17:55:00";"1";"0";"184";"7,7";"3145728";"228065";"7,25";"0";"3";"16";"0";"0"
"02.12.2015 18:00:00";"1";"0";"184";"7,7";"3145728";"284688";"9,05";"0";"4";"16";"0";"0"
"02.12.2015 18:05:00";"1";"0";"190";"7,93";"3145728";"259523";"8,25";"0";"5";"16";"0";"0"
"02.12.2015 18:10:00";"1";"0";"181";"7,57";"3145728";"272105";"8,65";"0";"4";"16";"0";"0"
"02.12.2015 18:15:00";"1";"0";"182";"7,63";"3145728";"240648";"7,65";"0";"3";"16";"0";"0"
"02.12.2015 18:20:00";"1";"0";"181";"7,58";"3145728";"232469";"7,39";"0";"3";"16";"0";"0"
"02.12.2015 18:25:00";"1";"0";"182";"7,62";"3145728";"249142";"7,92";"0";"4";"16";"0";"0"
"02.12.2015 18:30:00";"1";"0";"182";"7,63";"3145728";"230267";"7,32";"0";"3";"16";"0";"0"
"02.12.2015 18:35:00";"1";"0";"184";"7,7";"3145728";"261725";"8,32";"0";"3";"16";"0";"0"
"02.12.2015 18:40:00";"1";"0";"182";"7,63";"3145728";"211393";"6,72";"0";"3";"16";"0";"0"
"02.12.2015 18:45:00";"1";"0";"184";"7,71";"3145728";"238761";"7,59";"0";"13";"16";"0";"0"
"02.12.2015 18:50:00";"1";"0";"180";"7,53";"3145728";"215482";"6,85";"0";"2";"16";"0";"0"
"02.12.2015 18:55:00";"1";"0";"184";"7,69";"3145728";"263927";"8,39";"0";"2";"16";"0";"0"
"02.12.2015 19:00:00";"1";"0";"181";"7,59";"3145728";"232469";"7,39";"0";"3";"16";"0";"0"
"02.12.2015 19:05:00";"1";"0";"189";"7,89";"3145728";"251344";"7,99";"0";"4";"16";"0";"0"
"02.12.2015 19:10:00";"1";"0";"180";"7,52";"3145728";"268016";"8,52";"0";"2";"16";"0";"0"
"02.12.2015 19:15:00";"1";"0";"184";"7,72";"3145728";"228065";"7,25";"0";"3";"16";"0";"0"
"02.12.2015 19:20:00";"1";"0";"181";"7,56";"3145728";"201012";"6,39";"0";"2";"16";"0";"0"
"02.12.2015 19:25:00";"1";"0";"183";"7,64";"3145728";"196608";"6,25";"0";"3";"16";"0";"0"
"02.12.2015 19:30:00";"1";"0";"183";"7,67";"3145728";"215482";"6,85";"0";"2";"16";"0";"0"
"02.12.2015 19:35:00";"1";"0";"183";"7,66";"3145728";"284688";"9,05";"0";"3";"16";"0";"0"
"02.12.2015 19:40:00";"1";"0";"181";"7,56";"3145728";"257635";"8,19";"0";"2";"16";"0";"0"
"02.12.2015 19:45:00";"1";"0";"182";"7,61";"3145728";"282801";"8,99";"0";"3";"16";"0";"0"
"02.12.2015 19:50:00";"1";"0";"182";"7,63";"3145728";"219886";"6,99";"0";"2";"16";"0";"0"
"02.12.2015 19:55:00";"1";"0";"184";"7,7";"3145728";"289092";"9,19";"0";"3";"16";"0";"0"
"02.12.2015 20:00:00";"1";"0";"181";"7,56";"3145728";"213595";"6,79";"0";"2";"16";"0";"0"
"02.12.2015 20:05:00";"1";"0";"183";"7,65";"3145728";"228065";"7,25";"0";"3";"16";"0";"0"
"02.12.2015 20:10:00";"1";"0";"179";"7,48";"3145728";"249142";"7,92";"0";"3";"16";"0";"0"
"02.12.2015 20:15:00";"1";"0";"185";"7,74";"3145728";"217684";"6,92";"0";"4";"16";"0";"0"
"02.12.2015 20:20:00";"1";"0";"180";"7,54";"3145728";"270218";"8,59";"0";"2";"16";"0";"0"
"02.12.2015 20:25:00";"1";"0";"185";"7,73";"3145728";"215482";"6,85";"0";"3";"16";"0";"0"
"02.12.2015 20:30:00";"1";"0";"182";"7,62";"3145728";"219886";"6,99";"0";"3";"16";"0";"0"
"02.12.2015 20:35:00";"1";"0";"183";"7,67";"3145728";"265814";"8,45";"0";"2";"16";"0";"0"
"02.12.2015 20:40:00";"1";"0";"180";"7,53";"3145728";"226178";"7,19";"0";"3";"16";"0";"0"
"02.12.2015 20:45:00";"1";"0";"184";"7,68";"3145728";"284688";"9,05";"0";"3";"16";"0";"0"
"02.12.2015 20:50:00";"1";"0";"179";"7,5";"3145728";"217684";"6,92";"0";"3";"16";"0";"0"
"02.12.2015 20:55:00";"1";"0";"179";"7,51";"3145728";"249142";"7,92";"0";"3";"16";"0";"0"
"02.12.2015 21:00:00";"1";"0";"182";"7,6";"3145728";"207303";"6,59";"0";"3";"16";"0";"0"
"02.12.2015 21:05:00";"1";"0";"187";"7,81";"3145728";"228065";"7,25";"0";"3";"16";"0";"0"
"02.12.2015 21:10:00";"1";"0";"181";"7,58";"3145728";"242850";"7,72";"0";"3";"16";"0";"0"
"02.12.2015 21:15:00";"1";"0";"182";"7,62";"3145728";"251344";"7,99";"0";"3";"16";"0";"0"
"02.12.2015 21:20:00";"1";"0";"180";"7,52";"3145728";"255433";"8,12";"0";"3";"16";"0";"0"
"02.12.2015 21:25:00";"1";"0";"182";"7,63";"3145728";"223976";"7,12";"0";"2";"16";"0";"0"
"02.12.2015 21:30:00";"1";"0";"180";"7,53";"3145728";"223976";"7,12";"0";"3";"16";"0";"0"
"02.12.2015 21:35:00";"1";"0";"182";"7,6";"3145728";"280599";"8,92";"0";"3";"16";"0";"0"
"02.12.2015 21:40:00";"1";"0";"184";"7,68";"3145728";"282801";"8,99";"0";"3";"16";"0";"0"
"02.12.2015 21:45:00";"1";"0";"181";"7,59";"3145728";"257635";"8,19";"0";"3";"16";"0";"0"
"02.12.2015 21:50:00";"1";"0";"178";"7,46";"3145728";"213595";"6,79";"0";"3";"16";"0";"0"
"02.12.2015 21:55:00";"1";"0";"182";"7,63";"3145728";"219886";"6,99";"0";"2";"16";"0";"0"
"02.12.2015 22:00:00";"1";"0";"182";"7,6";"3145728";"234357";"7,45";"0";"3";"16";"0";"0"
"02.12.2015 22:05:00";"1";"0";"183";"7,67";"3145728";"333133";"10,59";"0";"3";"16";"0";"0"
"02.12.2015 22:10:00";"1";"0";"183";"7,65";"3145728";"295384";"9,39";"0";"4";"16";"0";"0"
"02.12.2015 22:15:00";"1";"0";"181";"7,59";"3145728";"245052";"7,79";"0";"2";"16";"0";"0"
"02.12.2015 22:20:00";"1";"0";"180";"7,53";"3145728";"268016";"8,52";"0";"2";"16";"0";"0"
"02.12.2015 22:25:00";"1";"0";"183";"7,64";"3145728";"282801";"8,99";"0";"2";"16";"0";"0"
"02.12.2015 22:30:00";"1";"0";"181";"7,59";"3145728";"238761";"7,59";"0";"2";"16";"0";"0"
"02.12.2015 22:35:00";"1";"0";"181";"7,59";"3145728";"219886";"6,99";"0";"3";"16";"0";"0"
"02.12.2015 22:40:00";"1";"0";"178";"7,46";"3145728";"230267";"7,32";"0";"3";"16";"0";"0"
"02.12.2015 22:45:00";"1";"0";"185";"7,74";"3145728";"251344";"7,99";"0";"3";"16";"0";"0"
"02.12.2015 22:50:00";"1";"0";"179";"7,48";"3145728";"228065";"7,25";"0";"2";"16";"0";"0"
"02.12.2015 22:55:00";"1";"0";"183";"7,68";"3145728";"272105";"8,65";"0";"3";"16";"0";"0"
"02.12.2015 23:00:00";"1";"0";"181";"7,59";"3145728";"257635";"8,19";"0";"3";"16";"0";"0"
"02.12.2015 23:05:00";"1";"0";"183";"7,68";"3145728";"278397";"8,85";"0";"2";"16";"0";"0"
"02.12.2015 23:10:00";"1";"0";"181";"7,58";"3145728";"261725";"8,32";"0";"3";"16";"0";"0"
"02.12.2015 23:15:00";"1";"0";"184";"7,71";"3145728";"307967";"9,79";"0";"4";"16";"0";"0"
"02.12.2015 23:20:00";"1";"0";"180";"7,53";"3145728";"240648";"7,65";"0";"2";"16";"0";"0"
"02.12.2015 23:25:00";"1";"0";"182";"7,62";"3145728";"209191";"6,65";"0";"3";"16";"0";"0"
"02.12.2015 23:30:00";"1";"0";"184";"7,72";"3145728";"240648";"7,65";"0";"3";"16";"0";"0"
"02.12.2015 23:35:00";"1";"0";"184";"7,68";"3145728";"274307";"8,72";"0";"3";"16";"0";"0"
"02.12.2015 23:40:00";"1";"0";"180";"7,52";"3145728";"226178";"7,19";"0";"2";"16";"0";"0"
"02.12.2015 23:45:00";"1";"0";"182";"7,61";"3145728";"198810";"6,32";"0";"3";"16";"0";"0"
"02.12.2015 23:50:00";"1";"0";"181";"7,58";"3145728";"207303";"6,59";"0";"2";"16";"0";"0"
"02.12.2015 23:55:00";"1";"0";"182";"7,62";"3145728";"246940";"7,85";"0";"3";"16";"0";"0"
"03.12.2015 00:00:00";"1";"0";"181";"7,58";"3145728";"259523";"8,25";"0";"2";"16";"0";"0"
"03.12.2015 00:05:00";"1";"0";"185";"7,73";"3145728";"293182";"9,32";"0";"3";"16";"0";"0"
"03.12.2015 00:10:00";"1";"0";"182";"7,59";"3145728";"303563";"9,65";"0";"4";"16";"0";"0"
"03.12.2015 00:15:00";"1";"0";"180";"7,55";"3145728";"242850";"7,72";"0";"3";"16";"0";"0"
"03.12.2015 00:20:00";"1";"0";"180";"7,54";"3145728";"223976";"7,12";"0";"2";"16";"0";"0"
"03.12.2015 00:25:00";"1";"0";"181";"7,56";"3145728";"263927";"8,39";"0";"3";"16";"0";"0"
"03.12.2015 00:30:00";"1";"0";"181";"7,58";"3145728";"219886";"6,99";"0";"2";"16";"0";"0"
"03.12.2015 00:35:00";"1";"0";"181";"7,59";"3145728";"238761";"7,59";"0";"3";"16";"0";"0"
"03.12.2015 00:40:00";"1";"0";"180";"7,51";"3145728";"194721";"6,19";"0";"2";"16";"0";"0"
"03.12.2015 00:45:00";"1";"0";"182";"7,62";"3145728";"263927";"8,39";"0";"3";"16";"0";"0"
"03.12.2015 00:50:00";"1";"0";"180";"7,55";"3145728";"314258";"9,99";"0";"3";"16";"0";"0"
"03.12.2015 00:55:00";"1";"0";"182";"7,62";"3145728";"257635";"8,19";"0";"3";"16";"0";"0"
"03.12.2015 01:00:00";"1";"0";"181";"7,58";"3145728";"295384";"9,39";"0";"3";"16";"0";"0"
"03.12.2015 01:05:00";"1";"0";"307";"12,82";"3145728";"1249483";"39,72";"839";"542";"16";"0";"0"
"03.12.2015 01:10:00";"1";"0";"181";"7,57";"3145728";"643301";"20,45";"0";"3";"16";"0";"0"
"03.12.2015 01:15:00";"1";"0";"184";"7,7";"3145728";"335020";"10,65";"28";"8";"16";"0";"0"
"03.12.2015 01:20:00";"1";"0";"179";"7,49";"3145728";"230267";"7,32";"0";"3";"16";"0";"0"
"03.12.2015 01:25:00";"1";"0";"181";"7,59";"3145728";"272105";"8,65";"0";"3";"16";"0";"0"
"03.12.2015 01:30:00";"1";"0";"181";"7,58";"3145728";"257635";"8,19";"0";"3";"16";"0";"0"
"03.12.2015 01:35:00";"1";"0";"301";"12,59";"3145728";"595172";"18,92";"4";"14";"16";"0";"0"
"03.12.2015 01:40:00";"1";"0";"181";"7,59";"3145728";"293182";"9,32";"17";"38";"16";"0";"0"
"03.12.2015 01:45:00";"1";"0";"181";"7,56";"3145728";"301675";"9,59";"0";"3";"16";"0";"0"
"03.12.2015 01:50:00";"1";"0";"180";"7,52";"3145728";"249142";"7,92";"0";"4";"16";"0";"0"
"03.12.2015 01:55:00";"1";"0";"182";"7,63";"3145728";"249142";"7,92";"0";"3";"16";"0";"0"
"03.12.2015 02:00:00";"1";"0";"184";"7,69";"3145728";"253231";"8,05";"1";"5";"16";"0";"0"
"03.12.2015 02:05:00";"1";"0";"190";"7,96";"3145728";"307967";"9,79";"1";"5";"16";"0";"0"
"03.12.2015 02:10:00";"1";"0";"184";"7,69";"3145728";"312056";"9,92";"0";"4";"16";"0";"0"
"03.12.2015 02:15:00";"1";"0";"183";"7,67";"3145728";"240648";"7,65";"0";"4";"16";"0";"0"
"03.12.2015 02:20:00";"1";"0";"181";"7,57";"3145728";"261725";"8,32";"0";"3";"16";"0";"0"
"03.12.2015 02:25:00";"1";"0";"182";"7,62";"3145728";"221774";"7,05";"0";"3";"16";"0";"0"
"03.12.2015 02:30:00";"1";"0";"184";"7,69";"3145728";"184025";"5,85";"0";"4";"16";"0";"0"
"03.12.2015 02:35:00";"1";"0";"183";"7,68";"3145728";"253231";"8,05";"0";"4";"16";"0";"0"
"03.12.2015 02:40:00";"1";"0";"181";"7,58";"3145728";"236559";"7,52";"0";"3";"16";"0";"0"
"03.12.2015 02:45:00";"1";"0";"184";"7,69";"3145728";"255433";"8,12";"0";"3";"16";"0";"0"
"03.12.2015 02:50:00";"1";"0";"181";"7,56";"3145728";"223976";"7,12";"0";"3";"16";"0";"0"
"03.12.2015 02:55:00";"1";"0";"181";"7,57";"3145728";"286890";"9,12";"0";"4";"16";"0";"0"
"03.12.2015 03:00:00";"1";"0";"182";"7,64";"3145728";"322437";"10,25";"0";"3";"16";"0";"0"
"03.12.2015 03:05:00";"1";"0";"186";"7,79";"3145728";"324639";"10,32";"0";"5";"16";"0";"0"
"03.12.2015 03:10:00";"1";"0";"182";"7,61";"3145728";"326841";"10,39";"0";"3";"16";"0";"0"
"03.12.2015 03:15:00";"1";"0";"188";"7,85";"3145728";"240648";"7,65";"0";"4";"16";"0";"0"
"03.12.2015 03:20:00";"1";"0";"188";"7,86";"3145728";"257635";"8,19";"1";"8";"16";"0";"0"
"03.12.2015 03:25:00";"1";"0";"300";"12,53";"3145728";"289092";"9,19";"3";"18";"16";"0";"0"
"03.12.2015 03:30:00";"1";"0";"185";"7,75";"3145728";"358298";"11,39";"0";"4";"16";"0";"0"
"03.12.2015 03:35:00";"1";"0";"184";"7,7";"3145728";"320550";"10,19";"0";"5";"16";"0";"0"
"03.12.2015 03:40:00";"1";"0";"181";"7,57";"3145728";"213595";"6,79";"0";"3";"16";"0";"0"
"03.12.2015 03:45:00";"1";"0";"183";"7,68";"3145728";"228065";"7,25";"0";"4";"16";"0";"0"
"03.12.2015 03:50:00";"1";"0";"184";"7,69";"3145728";"213595";"6,79";"0";"3";"16";"0";"0"
"03.12.2015 03:55:00";"1";"0";"183";"7,66";"3145728";"289092";"9,19";"0";"3";"16";"0";"0"
"03.12.2015 04:00:00";"1";"0";"183";"7,65";"3145728";"245052";"7,79";"0";"4";"16";"0";"0"
"03.12.2015 04:05:00";"1";"0";"188";"7,86";"3145728";"276509";"8,79";"0";"7";"16";"0";"0"
"03.12.2015 04:10:00";"1";"0";"181";"7,59";"3145728";"263927";"8,39";"0";"3";"16";"0";"0"
"03.12.2015 04:15:00";"1";"0";"182";"7,62";"3145728";"255433";"8,12";"0";"3";"16";"0";"0"
"03.12.2015 04:20:00";"1";"0";"184";"7,72";"3145728";"320550";"10,19";"1";"8";"16";"0";"0"
"03.12.2015 04:25:00";"1";"0";"182";"7,63";"3145728";"297271";"9,45";"0";"4";"16";"0";"0"
"03.12.2015 04:30:00";"1";"0";"182";"7,63";"3145728";"230267";"7,32";"0";"3";"16";"0";"0"
"03.12.2015 04:35:00";"1";"0";"182";"7,63";"3145728";"257635";"8,19";"0";"4";"16";"0";"0"
"03.12.2015 04:40:00";"1";"0";"181";"7,58";"3145728";"255433";"8,12";"0";"3";"16";"0";"0"
"03.12.2015 04:45:00";"1";"0";"183";"7,63";"3145728";"280599";"8,92";"0";"4";"16";"0";"0"
"03.12.2015 04:50:00";"1";"0";"179";"7,5";"3145728";"234357";"7,45";"0";"4";"16";"0";"0"
"03.12.2015 04:55:00";"1";"0";"181";"7,57";"3145728";"253231";"8,05";"0";"4";"16";"0";"0"
"03.12.2015 05:00:00";"1";"0";"183";"7,64";"3145728";"263927";"8,39";"0";"4";"16";"0";"0"
"03.12.2015 05:05:00";"1";"0";"188";"7,87";"3145728";"226178";"7,19";"2";"10";"16";"0";"0"
"03.12.2015 05:10:00";"1";"0";"183";"7,66";"3145728";"272105";"8,65";"0";"5";"16";"0";"0"
"03.12.2015 05:15:00";"1";"0";"183";"7,64";"3145728";"236559";"7,52";"0";"3";"16";"0";"0"
"03.12.2015 05:20:00";"1";"0";"181";"7,59";"3145728";"249142";"7,92";"0";"3";"16";"0";"0"
"03.12.2015 05:25:00";"1";"0";"181";"7,59";"3145728";"268016";"8,52";"0";"3";"16";"0";"0"
"03.12.2015 05:30:00";"1";"0";"181";"7,59";"3145728";"234357";"7,45";"0";"4";"16";"0";"0"
"03.12.2015 05:35:00";"1";"0";"183";"7,66";"3145728";"286890";"9,12";"0";"4";"16";"0";"0"
"03.12.2015 05:40:00";"1";"0";"180";"7,52";"3145728";"276509";"8,79";"0";"4";"16";"0";"0"
"03.12.2015 05:45:00";"1";"0";"183";"7,64";"3145728";"345716";"10,99";"0";"3";"16";"0";"0"
"03.12.2015 05:50:00";"1";"0";"181";"7,56";"3145728";"240648";"7,65";"0";"4";"16";"0";"0"
"03.12.2015 05:55:00";"1";"0";"182";"7,61";"3145728";"295384";"9,39";"0";"3";"16";"0";"0"
"03.12.2015 06:00:00";"1";"0";"183";"7,67";"3145728";"261725";"8,32";"0";"3";"16";"0";"0"
"03.12.2015 06:05:00";"1";"0";"185";"7,75";"3145728";"240648";"7,65";"0";"4";"16";"0";"0"
"03.12.2015 06:10:00";"1";"0";"182";"7,62";"3145728";"219886";"6,99";"0";"5";"16";"0";"0"
"03.12.2015 06:15:00";"1";"0";"181";"7,59";"3145728";"238761";"7,59";"0";"3";"16";"0";"0"
"03.12.2015 06:20:00";"1";"0";"182";"7,6";"3145728";"276509";"8,79";"0";"4";"16";"0";"0"
"03.12.2015 06:25:00";"1";"0";"183";"7,67";"3145728";"213595";"6,79";"0";"3";"16";"0";"0"
"03.12.2015 06:30:00";"1";"0";"181";"7,59";"3145728";"301675";"9,59";"0";"4";"16";"0";"0"
"03.12.2015 06:35:00";"1";"0";"182";"7,62";"3145728";"226178";"7,19";"0";"3";"16";"0";"0"
"03.12.2015 06:40:00";"1";"0";"181";"7,58";"3145728";"213595";"6,79";"0";"3";"16";"0";"0"
"03.12.2015 06:45:00";"1";"0";"182";"7,61";"3145728";"194721";"6,19";"1";"5";"16";"0";"0"
"03.12.2015 06:50:00";"1";"0";"180";"7,56";"3145728";"219886";"6,99";"13";"29";"16";"0";"0"
"03.12.2015 06:55:00";"1";"0";"182";"7,62";"3145728";"230267";"7,32";"0";"4";"16";"0";"0"
"03.12.2015 07:00:00";"1";"0";"181";"7,59";"3145728";"232469";"7,39";"0";"4";"16";"0";"0"
"03.12.2015 07:05:00";"1";"0";"188";"7,88";"3145728";"305765";"9,72";"0";"4";"16";"0";"0"
"03.12.2015 07:10:00";"1";"0";"182";"7,61";"3145728";"263927";"8,39";"0";"3";"16";"0";"0"
"03.12.2015 07:15:00";"1";"0";"183";"7,64";"3145728";"289092";"9,19";"0";"4";"16";"0";"0"
"03.12.2015 07:20:00";"1";"0";"181";"7,56";"3145728";"253231";"8,05";"0";"3";"16";"0";"0"
"03.12.2015 07:25:00";"1";"0";"182";"7,63";"3145728";"232469";"7,39";"0";"4";"16";"0";"0"
"03.12.2015 07:30:00";"1";"0";"183";"7,64";"3145728";"263927";"8,39";"0";"3";"16";"0";"0"
"03.12.2015 07:35:00";"1";"0";"183";"7,67";"3145728";"303563";"9,65";"0";"4";"16";"0";"0"
"03.12.2015 07:40:00";"1";"0";"182";"7,61";"3145728";"234357";"7,45";"0";"4";"16";"0";"0"
"03.12.2015 07:45:00";"1";"0";"181";"7,57";"3145728";"182138";"5,79";"0";"3";"16";"0";"0"
"03.12.2015 07:50:00";"1";"0";"180";"7,51";"3145728";"257635";"8,19";"0";"3";"16";"0";"0"
"03.12.2015 07:55:00";"1";"0";"183";"7,66";"3145728";"232469";"7,39";"0";"4";"16";"0";"0"
"03.12.2015 08:00:00";"1";"0";"184";"7,69";"3145728";"324639";"10,32";"0";"3";"16";"0";"0"
"03.12.2015 08:05:00";"1";"0";"185";"7,74";"3145728";"307967";"9,79";"0";"4";"16";"0";"0"
"03.12.2015 08:10:00";"1";"0";"181";"7,56";"3145728";"322437";"10,25";"0";"4";"16";"0";"0"
"03.12.2015 08:15:00";"1";"0";"183";"7,63";"3145728";"278397";"8,85";"0";"3";"16";"0";"0"
"03.12.2015 08:20:00";"1";"0";"182";"7,62";"3145728";"209191";"6,65";"0";"4";"16";"0";"0"
"03.12.2015 08:25:00";"1";"0";"184";"7,69";"3145728";"240648";"7,65";"0";"4";"16";"0";"0"
"03.12.2015 08:30:00";"1";"0";"182";"7,6";"3145728";"219886";"6,99";"0";"3";"16";"0";"0"
"03.12.2015 08:35:00";"1";"0";"182";"7,64";"3145728";"278397";"8,85";"0";"4";"16";"0";"0"
"03.12.2015 08:40:00";"1";"0";"182";"7,6";"3145728";"192519";"6,12";"0";"4";"16";"0";"0"
"03.12.2015 08:45:00";"1";"0";"182";"7,62";"3145728";"194721";"6,19";"0";"3";"16";"0";"0"
"03.12.2015 08:50:00";"1";"0";"180";"7,54";"3145728";"232469";"7,39";"0";"4";"16";"0";"0"
"03.12.2015 08:55:00";"1";"0";"181";"7,58";"3145728";"219886";"6,99";"0";"3";"16";"0";"0"
"03.12.2015 09:00:00";"1";"0";"183";"7,64";"3145728";"259523";"8,25";"0";"4";"16";"0";"0"
"03.12.2015 09:05:00";"1";"0";"186";"7,8";"3145728";"276509";"8,79";"0";"4";"16";"0";"0"
"03.12.2015 09:10:00";"1";"0";"180";"7,54";"3145728";"194721";"6,19";"0";"4";"16";"0";"0"
"03.12.2015 09:15:00";"1";"0";"182";"7,64";"3145728";"190317";"6,05";"0";"3";"16";"0";"0"
"03.12.2015 09:20:00";"1";"0";"181";"7,56";"3145728";"270218";"8,59";"0";"3";"16";"0";"0"
"03.12.2015 09:25:00";"1";"0";"186";"7,79";"3145728";"257635";"8,19";"0";"3";"16";"0";"0"
"03.12.2015 09:30:00";"1";"0";"181";"7,57";"3145728";"194721";"6,19";"0";"3";"16";"0";"0"
"03.12.2015 09:35:00";"1";"0";"182";"7,62";"3145728";"284688";"9,05";"0";"4";"16";"0";"0"
"03.12.2015 09:40:00";"1";"0";"185";"7,73";"3145728";"276509";"8,79";"0";"4";"16";"0";"0"
"03.12.2015 09:45:00";"1";"0";"185";"7,73";"3145728";"221774";"7,05";"0";"3";"16";"0";"0"
"03.12.2015 09:50:00";"1";"0";"182";"7,6";"3145728";"253231";"8,05";"0";"4";"16";"0";"0"
"03.12.2015 09:55:00";"1";"0";"183";"7,65";"3145728";"272105";"8,65";"0";"4";"16";"0";"0"
"03.12.2015 10:00:00";"1";"0";"185";"7,73";"3145728";"314258";"9,99";"1";"4";"16";"0";"0"
"03.12.2015 10:05:00";"1";"0";"187";"7,81";"3145728";"293182";"9,32";"0";"5";"16";"0";"0"
"03.12.2015 10:10:00";"1";"0";"181";"7,59";"3145728";"326841";"10,39";"0";"5";"16";"0";"0"
"03.12.2015 10:15:00";"1";"0";"185";"7,73";"3145728";"246940";"7,85";"0";"4";"16";"0";"0"
"03.12.2015 10:20:00";"1";"0";"181";"7,59";"3145728";"295384";"9,39";"0";"3";"16";"0";"0"
"03.12.2015 10:25:00";"1";"0";"184";"7,69";"3145728";"259523";"8,25";"0";"4";"16";"0";"0"
"03.12.2015 10:30:00";"1";"0";"182";"7,63";"3145728";"236559";"7,52";"0";"4";"16";"0";"0"
"03.12.2015 10:35:00";"1";"0";"184";"7,7";"3145728";"265814";"8,45";"0";"4";"16";"0";"0"
"03.12.2015 10:40:00";"1";"0";"181";"7,56";"3145728";"249142";"7,92";"0";"3";"16";"0";"0"
"03.12.2015 10:45:00";"1";"0";"184";"7,7";"3145728";"318348";"10,12";"0";"4";"16";"0";"0"
"03.12.2015 10:50:00";"1";"0";"180";"7,54";"3145728";"230267";"7,32";"0";"3";"16";"0";"0"
"03.12.2015 10:55:00";"1";"0";"183";"7,65";"3145728";"278397";"8,85";"0";"3";"16";"0";"0"
"03.12.2015 11:00:00";"1";"0";"184";"7,69";"3145728";"217684";"6,92";"0";"3";"16";"0";"0"
"03.12.2015 11:05:00";"1";"0";"187";"7,84";"3145728";"246940";"7,85";"0";"4";"16";"0";"0"
"03.12.2015 11:10:00";"1";"0";"186";"7,77";"3145728";"240648";"7,65";"0";"5";"16";"0";"0"
"03.12.2015 11:15:00";"1";"0";"183";"7,65";"3145728";"333133";"10,59";"0";"4";"16";"0";"0"
"03.12.2015 11:20:00";"1";"0";"180";"7,55";"3145728";"328729";"10,45";"0";"3";"16";"0";"0"
"03.12.2015 11:25:00";"1";"0";"183";"7,65";"3145728";"259523";"8,25";"0";"4";"16";"0";"0"
"03.12.2015 11:30:00";"1";"0";"184";"7,7";"3145728";"276509";"8,79";"0";"4";"16";"0";"0"
"03.12.2015 11:35:00";"1";"0";"186";"7,77";"3145728";"280599";"8,92";"0";"4";"16";"0";"0"
"03.12.2015 11:40:00";"1";"0";"181";"7,59";"3145728";"265814";"8,45";"0";"4";"16";"0";"0"
"03.12.2015 11:45:00";"1";"0";"187";"7,84";"3145728";"307967";"9,79";"0";"4";"16";"0";"0"
"03.12.2015 11:50:00";"1";"0";"181";"7,56";"3145728";"270218";"8,59";"0";"3";"16";"0";"0"
"03.12.2015 11:55:00";"1";"0";"184";"7,7";"3145728";"295384";"9,39";"0";"4";"16";"0";"0"
"03.12.2015 12:00:00";"1";"0";"183";"7,68";"3145728";"226178";"7,19";"0";"3";"16";"0";"0"
"03.12.2015 12:05:00";"1";"0";"187";"7,82";"3145728";"251344";"7,99";"0";"4";"16";"0";"0"
"03.12.2015 12:10:00";"1";"0";"185";"7,72";"3145728";"295384";"9,39";"0";"5";"16";"0";"0"
"03.12.2015 12:15:00";"1";"0";"183";"7,66";"3145728";"276509";"8,79";"0";"3";"16";"0";"0"
"03.12.2015 12:20:00";"1";"0";"180";"7,54";"3145728";"301675";"9,59";"0";"3";"16";"0";"0"
"03.12.2015 12:25:00";"1";"0";"182";"7,63";"3145728";"257635";"8,19";"0";"4";"16";"0";"0"
"03.12.2015 12:30:00";"1";"0";"183";"7,65";"3145728";"238761";"7,59";"0";"3";"16";"0";"0"
"03.12.2015 12:35:00";"1";"0";"183";"7,64";"3145728";"245052";"7,79";"0";"4";"16";"0";"0"
"03.12.2015 12:40:00";"1";"0";"181";"7,57";"3145728";"223976";"7,12";"0";"4";"16";"0";"0"
"03.12.2015 12:45:00";"1";"0";"183";"7,67";"3145728";"330931";"10,52";"0";"3";"16";"0";"0"
"03.12.2015 12:50:00";"1";"0";"181";"7,58";"3145728";"358298";"11,39";"0";"3";"16";"0";"0"
"03.12.2015 12:55:00";"1";"0";"183";"7,66";"3145728";"259523";"8,25";"0";"3";"16";"0";"0"
"03.12.2015 13:00:00";"1";"0";"182";"7,61";"3145728";"228065";"7,25";"0";"3";"16";"0";"0"
"03.12.2015 13:05:00";"1";"0";"185";"7,74";"3145728";"270218";"8,59";"0";"4";"16";"0";"0"
"03.12.2015 13:10:00";"1";"0";"180";"7,55";"3145728";"286890";"9,12";"0";"4";"16";"0";"0"
"03.12.2015 13:15:00";"1";"0";"190";"7,93";"3145728";"368679";"11,72";"0";"6";"16";"0";"0"
"03.12.2015 13:20:00";"1";"0";"182";"7,63";"3145728";"278397";"8,85";"0";"4";"16";"0";"0"
"03.12.2015 13:25:00";"1";"0";"183";"7,67";"3145728";"242850";"7,72";"0";"4";"16";"0";"0"
"03.12.2015 13:30:00";"1";"0";"182";"7,63";"3145728";"268016";"8,52";"0";"3";"16";"0";"0"
"03.12.2015 13:35:00";"1";"0";"183";"7,68";"3145728";"274307";"8,72";"0";"3";"16";"0";"0"
"03.12.2015 13:40:00";"1";"0";"181";"7,57";"3145728";"226178";"7,19";"0";"3";"16";"0";"0"
"03.12.2015 13:45:00";"1";"0";"185";"7,73";"3145728";"219886";"6,99";"0";"4";"16";"0";"0"
"03.12.2015 13:50:00";"1";"0";"181";"7,56";"3145728";"246940";"7,85";"0";"3";"16";"0";"0"
"03.12.2015 13:55:00";"1";"0";"181";"7,58";"3145728";"270218";"8,59";"0";"3";"16";"0";"0"
"03.12.2015 14:00:00";"1";"0";"186";"7,77";"3145728";"253231";"8,05";"1";"3";"16";"0";"0"
"03.12.2015 14:05:00";"1";"0";"185";"7,73";"3145728";"284688";"9,05";"0";"4";"16";"0";"0"
"03.12.2015 14:10:00";"1";"0";"184";"7,68";"3145728";"276509";"8,79";"0";"5";"16";"0";"0"
"03.12.2015 14:15:00";"1";"0";"184";"7,68";"3145728";"221774";"7,05";"0";"3";"16";"0";"0"
"03.12.2015 14:20:00";"1";"0";"181";"7,59";"3145728";"265814";"8,45";"0";"4";"16";"0";"0"
"03.12.2015 14:25:00";"1";"0";"181";"7,58";"3145728";"280599";"8,92";"0";"3";"16";"0";"0"
"03.12.2015 14:30:00";"1";"0";"182";"7,61";"3145728";"257635";"8,19";"0";"4";"16";"0";"0"
"03.12.2015 14:35:00";"1";"0";"182";"7,62";"3145728";"284688";"9,05";"0";"4";"16";"0";"0"
"03.12.2015 14:40:00";"1";"0";"181";"7,59";"3145728";"207303";"6,59";"0";"3";"16";"0";"0"
"03.12.2015 14:45:00";"1";"0";"183";"7,68";"3145728";"232469";"7,39";"0";"4";"16";"0";"0"
"03.12.2015 14:50:00";"1";"0";"182";"7,61";"3145728";"253231";"8,05";"0";"3";"16";"0";"0"
"03.12.2015 14:55:00";"1";"0";"185";"7,74";"3145728";"301675";"9,59";"0";"4";"16";"0";"0"
"03.12.2015 15:00:00";"1";"0";"182";"7,6";"3145728";"314258";"9,99";"0";"4";"16";"0";"0"
"03.12.2015 15:05:00";"1";"0";"186";"7,77";"3145728";"295384";"9,39";"0";"4";"16";"0";"0"
"03.12.2015 15:10:00";"1";"0";"183";"7,66";"3145728";"307967";"9,79";"0";"4";"16";"0";"0"
"03.12.2015 15:15:00";"1";"0";"185";"7,72";"3145728";"295384";"9,39";"0";"4";"16";"0";"0"
"03.12.2015 15:20:00";"1";"0";"181";"7,56";"3145728";"238761";"7,59";"0";"4";"16";"0";"0"
"03.12.2015 15:25:00";"1";"0";"184";"7,7";"3145728";"270218";"8,59";"0";"4";"16";"0";"0"
"03.12.2015 15:30:00";"1";"0";"182";"7,62";"3145728";"238761";"7,59";"0";"3";"16";"0";"0"
"03.12.2015 15:35:00";"1";"0";"185";"7,73";"3145728";"215482";"6,85";"0";"3";"16";"0";"0"
"03.12.2015 15:40:00";"1";"0";"182";"7,6";"3145728";"211393";"6,72";"0";"3";"16";"0";"0"
"03.12.2015 15:45:00";"1";"0";"187";"7,82";"3145728";"219886";"6,99";"0";"4";"16";"0";"0"
"03.12.2015 15:50:00";"1";"0";"182";"7,62";"3145728";"257635";"8,19";"0";"4";"16";"0";"0"
"03.12.2015 15:55:00";"1";"0";"186";"7,78";"3145728";"259523";"8,25";"0";"4";"16";"0";"0"
"03.12.2015 16:00:00";"1";"0";"186";"7,77";"3145728";"274307";"8,72";"0";"4";"16";"0";"0"
"03.12.2015 16:05:00";"1";"0";"185";"7,76";"3145728";"251344";"7,99";"0";"4";"16";"0";"0"
"03.12.2015 16:10:00";"1";"0";"182";"7,62";"3145728";"268016";"8,52";"0";"3";"16";"0";"0"
"03.12.2015 16:15:00";"1";"0";"187";"7,82";"3145728";"272105";"8,65";"0";"5";"16";"0";"0"
"03.12.2015 16:20:00";"1";"0";"181";"7,56";"3145728";"303563";"9,65";"0";"4";"16";"0";"0"
"03.12.2015 16:25:00";"1";"0";"184";"7,71";"3145728";"230267";"7,32";"0";"4";"16";"0";"0"
"03.12.2015 16:30:00";"1";"0";"181";"7,57";"3145728";"215482";"6,85";"0";"4";"16";"0";"0"
"03.12.2015 16:35:00";"1";"0";"182";"7,62";"3145728";"272105";"8,65";"0";"4";"16";"0";"0"
"03.12.2015 16:40:00";"1";"0";"181";"7,55";"3145728";"270218";"8,59";"0";"4";"16";"0";"0"
"03.12.2015 16:45:00";"1";"0";"182";"7,6";"3145728";"270218";"8,59";"0";"3";"16";"0";"0"
"03.12.2015 16:50:00";"1";"0";"180";"7,52";"3145728";"289092";"9,19";"0";"4";"16";"0";"0"
"03.12.2015 16:55:00";"1";"0";"183";"7,67";"3145728";"242850";"7,72";"0";"4";"16";"0";"0"
"03.12.2015 17:00:00";"1";"0";"183";"7,64";"3145728";"280599";"8,92";"0";"4";"16";"0";"0"
"03.12.2015 17:05:00";"1";"0";"185";"7,73";"3145728";"255433";"8,12";"0";"3";"16";"0";"0"
"03.12.2015 17:10:00";"1";"0";"183";"7,64";"3145728";"316146";"10,05";"0";"4";"16";"0";"0"
"03.12.2015 17:15:00";"1";"0";"183";"7,64";"3145728";"242850";"7,72";"0";"3";"16";"0";"0"
"03.12.2015 17:20:00";"1";"0";"182";"7,59";"3145728";"205101";"6,52";"0";"3";"16";"0";"0"
"03.12.2015 17:25:00";"1";"0";"183";"7,65";"3145728";"226178";"7,19";"0";"3";"16";"0";"0"
"03.12.2015 17:30:00";"1";"0";"184";"7,69";"3145728";"257635";"8,19";"0";"4";"16";"0";"0"
"03.12.2015 17:35:00";"1";"0";"183";"7,68";"3145728";"280599";"8,92";"0";"4";"16";"0";"0"
"03.12.2015 17:40:00";"1";"0";"179";"7,47";"3145728";"251344";"7,99";"0";"4";"16";"0";"0"
"03.12.2015 17:45:00";"1";"0";"183";"7,64";"3145728";"246940";"7,85";"0";"4";"16";"0";"0"
"03.12.2015 17:50:00";"1";"0";"180";"7,55";"3145728";"265814";"8,45";"0";"2";"16";"0";"0"
"03.12.2015 17:55:00";"1";"0";"183";"7,66";"3145728";"245052";"7,79";"0";"3";"16";"0";"0"
"03.12.2015 18:00:00";"1";"0";"183";"7,64";"3145728";"314258";"9,99";"0";"5";"16";"0";"0"
"03.12.2015 18:05:00";"1";"0";"189";"7,89";"3145728";"276509";"8,79";"0";"7";"16";"0";"0"
"03.12.2015 18:10:00";"1";"0";"186";"7,76";"3145728";"389756";"12,39";"6";"4";"16";"0";"0"
"03.12.2015 18:15:00";"1";"0";"186";"7,78";"3145728";"347603";"11,05";"0";"4";"16";"0";"0"
"03.12.2015 18:20:00";"1";"0";"181";"7,56";"3145728";"236559";"7,52";"0";"4";"16";"0";"0"
"03.12.2015 18:25:00";"1";"0";"181";"7,56";"3145728";"259523";"8,25";"0";"3";"16";"0";"0"
"03.12.2015 18:30:00";"1";"0";"181";"7,59";"3145728";"249142";"7,92";"0";"4";"16";"0";"0"
"03.12.2015 18:35:00";"1";"0";"183";"7,67";"3145728";"307967";"9,79";"0";"4";"16";"0";"0"
"03.12.2015 18:40:00";"1";"0";"181";"7,57";"3145728";"234357";"7,45";"0";"3";"16";"0";"0"
"03.12.2015 18:45:00";"1";"0";"182";"7,62";"3145728";"251344";"7,99";"0";"3";"16";"0";"0"
"03.12.2015 18:50:00";"1";"0";"182";"7,61";"3145728";"274307";"8,72";"0";"3";"16";"0";"0"
"03.12.2015 18:55:00";"1";"0";"184";"7,7";"3145728";"257635";"8,19";"0";"3";"16";"0";"0"
"03.12.2015 19:00:00";"1";"0";"185";"7,72";"3145728";"282801";"8,99";"0";"14";"16";"0";"0"
"03.12.2015 19:05:00";"1";"0";"184";"7,71";"3145728";"261725";"8,32";"35";"3";"16";"0";"0"
"03.12.2015 19:10:00";"1";"0";"181";"7,6";"3145728";"245052";"7,79";"0";"4";"16";"0";"0"
"03.12.2015 19:15:00";"1";"0";"184";"7,71";"3145728";"297271";"9,45";"0";"4";"16";"0";"0"
"03.12.2015 19:20:00";"1";"0";"180";"7,55";"3145728";"226178";"7,19";"0";"3";"16";"0";"0"
"03.12.2015 19:25:00";"1";"0";"184";"7,69";"3145728";"245052";"7,79";"0";"5";"16";"0";"0"
"03.12.2015 19:30:00";"1";"0";"185";"7,75";"3145728";"282801";"8,99";"0";"4";"16";"0";"0"
"03.12.2015 19:35:00";"1";"0";"183";"7,66";"3145728";"270218";"8,59";"0";"5";"16";"0";"0"
"03.12.2015 19:40:00";"1";"0";"181";"7,57";"3145728";"219886";"6,99";"0";"4";"16";"0";"0"
"03.12.2015 19:45:00";"1";"0";"183";"7,67";"3145728";"223976";"7,12";"0";"4";"16";"0";"0"
"03.12.2015 19:50:00";"1";"0";"180";"7,54";"3145728";"257635";"8,19";"0";"4";"16";"0";"0"
"03.12.2015 19:55:00";"1";"0";"182";"7,61";"3145728";"280599";"8,92";"0";"4";"16";"0";"0"
"03.12.2015 20:00:00";"1";"0";"182";"7,63";"3145728";"293182";"9,32";"0";"4";"16";"0";"0"
"03.12.2015 20:05:00";"1";"0";"185";"7,72";"3145728";"232469";"7,39";"0";"4";"16";"0";"0"
"03.12.2015 20:10:00";"1";"0";"181";"7,59";"3145728";"215482";"6,85";"0";"4";"16";"0";"0"
"03.12.2015 20:15:00";"1";"0";"183";"7,67";"3145728";"219886";"6,99";"0";"4";"16";"0";"0"
"03.12.2015 20:20:00";"1";"0";"182";"7,61";"3145728";"219886";"6,99";"0";"4";"16";"0";"0"
"03.12.2015 20:25:00";"1";"0";"184";"7,7";"3145728";"245052";"7,79";"0";"4";"16";"0";"0"
"03.12.2015 20:30:00";"1";"0";"185";"7,72";"3145728";"213595";"6,79";"0";"3";"16";"0";"0"
"03.12.2015 20:35:00";"1";"0";"182";"7,61";"3145728";"299473";"9,52";"0";"3";"16";"0";"0"
"03.12.2015 20:40:00";"1";"0";"184";"7,68";"3145728";"352007";"11,19";"0";"3";"16";"0";"0"
"03.12.2015 20:45:00";"1";"0";"183";"7,66";"3145728";"232469";"7,39";"0";"3";"16";"0";"0"
"03.12.2015 20:50:00";"1";"0";"182";"7,62";"3145728";"238761";"7,59";"0";"4";"16";"0";"0"
"03.12.2015 20:55:00";"1";"0";"182";"7,63";"3145728";"257635";"8,19";"0";"3";"16";"0";"0"
"03.12.2015 21:00:00";"1";"0";"182";"7,6";"3145728";"295384";"9,39";"0";"3";"16";"0";"0"
"03.12.2015 21:05:00";"1";"0";"183";"7,66";"3145728";"272105";"8,65";"0";"3";"16";"0";"0"
"03.12.2015 21:10:00";"1";"0";"182";"7,61";"3145728";"263927";"8,39";"0";"4";"16";"0";"0"
"03.12.2015 21:15:00";"1";"0";"184";"7,71";"3145728";"270218";"8,59";"0";"4";"16";"0";"0"
"03.12.2015 21:20:00";"1";"0";"183";"7,66";"3145728";"293182";"9,32";"0";"4";"16";"0";"0"
"03.12.2015 21:25:00";"1";"0";"182";"7,63";"3145728";"242850";"7,72";"0";"3";"16";"0";"0"
"03.12.2015 21:30:00";"1";"0";"183";"7,65";"3145728";"284688";"9,05";"0";"4";"16";"0";"0"
"03.12.2015 21:35:00";"1";"0";"182";"7,62";"3145728";"290980";"9,25";"0";"4";"16";"0";"0"
"03.12.2015 21:40:00";"1";"0";"182";"7,64";"3145728";"242850";"7,72";"0";"4";"16";"0";"0"
"03.12.2015 21:45:00";"1";"0";"182";"7,61";"3145728";"217684";"6,92";"0";"3";"16";"0";"0"
"03.12.2015 21:50:00";"1";"0";"182";"7,61";"3145728";"230267";"7,32";"0";"3";"16";"0";"0"
"03.12.2015 21:55:00";"1";"0";"182";"7,62";"3145728";"301675";"9,59";"0";"3";"16";"0";"0"
"03.12.2015 22:00:00";"1";"0";"183";"7,65";"3145728";"280599";"8,92";"1";"3";"16";"0";"0"
"03.12.2015 22:05:00";"1";"0";"184";"7,69";"3145728";"268016";"8,52";"0";"4";"16";"0";"0"
"03.12.2015 22:10:00";"1";"0";"184";"7,68";"3145728";"268016";"8,52";"0";"3";"16";"0";"0"
"03.12.2015 22:15:00";"1";"0";"188";"7,85";"3145728";"249142";"7,92";"0";"4";"16";"0";"0"
"03.12.2015 22:20:00";"1";"0";"182";"7,61";"3145728";"305765";"9,72";"0";"4";"16";"0";"0"
"03.12.2015 22:25:00";"1";"0";"187";"7,82";"3145728";"295384";"9,39";"0";"3";"16";"0";"0"
"03.12.2015 22:30:00";"1";"0";"185";"7,72";"3145728";"246940";"7,85";"0";"3";"16";"0";"0"
"03.12.2015 22:35:00";"1";"0";"184";"7,68";"3145728";"280599";"8,92";"0";"4";"16";"0";"0"
"03.12.2015 22:40:00";"1";"0";"181";"7,57";"3145728";"253231";"8,05";"0";"4";"16";"0";"0"
"03.12.2015 22:45:00";"1";"0";"181";"7,56";"3145728";"257635";"8,19";"0";"3";"16";"0";"0"
"03.12.2015 22:50:00";"1";"0";"180";"7,52";"3145728";"207303";"6,59";"0";"4";"16";"0";"0"
"03.12.2015 22:55:00";"1";"0";"183";"7,67";"3145728";"186227";"5,92";"0";"4";"16";"0";"0"
"03.12.2015 23:00:00";"1";"0";"184";"7,72";"3145728";"274307";"8,72";"0";"4";"16";"0";"0"
"03.12.2015 23:05:00";"1";"0";"184";"7,72";"3145728";"251344";"7,99";"0";"3";"16";"0";"0"
"03.12.2015 23:10:00";"1";"0";"178";"7,46";"3145728";"280599";"8,92";"0";"3";"16";"0";"0"
"03.12.2015 23:15:00";"1";"0";"184";"7,7";"3145728";"295384";"9,39";"0";"4";"16";"0";"0"
"03.12.2015 23:20:00";"1";"0";"181";"7,58";"3145728";"251344";"7,99";"0";"2";"16";"0";"0"
"03.12.2015 23:25:00";"1";"0";"182";"7,63";"3145728";"238761";"7,59";"0";"3";"16";"0";"0"
"03.12.2015 23:30:00";"1";"0";"180";"7,54";"3145728";"228065";"7,25";"0";"2";"16";"0";"0"
"03.12.2015 23:35:00";"1";"0";"184";"7,72";"3145728";"289092";"9,19";"0";"3";"16";"0";"0"
"03.12.2015 23:40:00";"1";"0";"183";"7,63";"3145728";"297271";"9,45";"0";"2";"16";"0";"0"
"03.12.2015 23:45:00";"1";"0";"182";"7,62";"3145728";"309854";"9,85";"0";"3";"16";"0";"0"
"03.12.2015 23:50:00";"1";"0";"181";"7,56";"3145728";"333133";"10,59";"0";"3";"16";"0";"0"
"03.12.2015 23:55:00";"1";"0";"182";"7,62";"3145728";"396047";"12,59";"0";"3";"16";"0";"0"
